Account,Balance
C-0001,1237.4783333333332
C-0002,59238.771250000005
C-0003,5.730833333333333
C-0004,-1098.7716666666668
C-0005,520.4225
C-0006,2842.1570833333335
C-0007,59.5075
C-0008,-933.8816666666667
C-0009,641.7883333333333
C-0010,12867.144166666667
C-0011,425.02416666666664
C-0012,-165.605
C-0013,14070.800833333335
C-0014,8361.875
C-0015,8361.945833333333
C-0016,752.1474999999999
C-0017,53.44083333333333
C-0018,-101.43833333333333
C-0019,-0.605
C-0020,4.604166666666667
